3-gram,documents,total freq,avg
drug genetics cancer,815,815,1
cancer drug genetics,815,815,1
screening detection cancer,536,536,1
cancer fat cell,526,532,1.011406844
fat cell tumor,529,532,1.005671078
tumor liver cancer,532,532,1
prognosis screening detection,529,529,1
prevention prognosis screening,529,529,1
cancer prevention prognosis,529,529,1
liver cancer phillip,529,529,1
cell tumor liver,529,529,1
cell lung cancer,94,400,4.255319149
small cell lung,94,398,4.234042553
head neck cancer,54,264,4.888888889
stem cell transplant,64,251,3.921875
large cell lymphoma,37,251,6.783783784
soft tissue sarcoma,40,241,6.025
woman breast cancer,70,230,3.285714286
adolescent young adult,59,224,3.796610169
germ cell tumor,15,221,14.73333333
metastatic breast cancer,48,212,4.416666667
chemotherapy radiation therapy,68,203,2.985294118
surgery radiation therapy,47,201,4.276595745
positive breast cancer,25,192,7.68
familial adenomatous polyposis,10,187,18.7
pediatr blood cancer,21,172,8.19047619
gastrointestinal neuroendocrine tumor,11,172,15.63636364
squamous cell carcinoma,40,166,4.15
white blood cell,71,162,2.281690141
hematopoietic stem cell,17,159,9.352941176
brain spine tumor,46,159,3.456521739
stem cell transplantation,23,146,6.347826087
magnetic resonance imaging,69,144,2.086956522
graft host disease,17,143,8.411764706
medullary thyroid cancer,16,141,8.8125
young adult cancer,33,138,4.181818182
stage breast cancer,38,135,3.552631579
hormone receptor positive,14,134,9.571428571
radiation therapy chemotherapy,41,133,3.243902439
breast cancer prevention,106,132,1.245283019
high grade glioma,12,128,10.66666667
int radiat phy,10,127,12.7
median age year,15,121,8.066666667
child adolescent cancer,39,121,3.102564103
thymoma thymic carcinoma,7,121,17.28571429
negative breast cancer,40,118,2.95
radiation therapy cancer,45,115,2.555555556
low grade glioma,20,115,5.75
bone marrow transplant,18,113,6.277777778
regional lymph node,7,109,15.57142857
medullary thyroid carcinoma,9,107,11.88888889
germline pathogenic variant,12,106,8.833333333
rare brain spine,46,106,2.304347826
advanced breast cancer,17,106,6.235294118
breast cancer woman,39,105,2.692307692
cancer death rate,27,105,3.888888889
picture area body,33,99,3
lymph node metastasis,12,98,8.166666667
brain spinal cord,18,97,5.388888889
cancer lynch syndrome,6,96,16
radiation therapy surgery,36,93,2.583333333
blood marrow transplant,5,91,18.2
cancer head neck,30,91,3.033333333
breast cancer survivor,22,90,4.090909091
gene chromosome cancer,7,88,12.57142857
cranial radiation therapy,3,88,29.33333333
breast cancer cell,33,87,2.636363636
cancer radiation therapy,46,87,1.891304348
cancer child adolescent,36,86,2.388888889
bone marrow transplantation,7,85,12.14285714
red blood cell,24,84,3.5
sinus nasal cavity,5,84,16.8
therapy breast cancer,30,84,2.8
child young year,16,83,5.1875
adult survivor cancer,3,83,27.66666667
stage hodgkin lymphoma,6,82,13.66666667
chronic graft host,11,82,7.454545455
child young adult,37,82,2.216216216
cancer grand challenge,17,81,4.764705882
paranasal sinus nasal,5,81,16.2
hematopoietic cell transplantation,6,80,13.33333333
cell lymphoblastic leukemia,16,80,5
external radiation therapy,31,79,2.548387097
basal cell carcinoma,16,78,4.875
triple negative breast,26,77,2.961538462
positron emission tomography,40,77,1.925
lung cancer screening,30,77,2.566666667
systematic meta analysis,26,76,2.923076923
cancer staging manual,7,76,10.85714286
central nervous cns,30,76,2.533333333
mediastinal cell lymphoma,3,74,24.66666667
cell lymphoblastic lymphoma,2,74,37
staging manual springer,7,74,10.57142857
amin edge cancer,7,73,10.42857143
cancer prevention detection,70,73,1.042857143
edge cancer staging,7,73,10.42857143
year cumulative incidence,3,73,24.33333333
cancer incidence mortality,40,72,1.8
tyrosine kinase inhibitor,30,72,2.4
salivary gland cancer,5,72,14.4
receptor positive breast,12,72,6
cancer small cell,16,72,4.5
series picture area,31,72,2.322580645
anaplastic large cell,9,71,7.888888889
renal cell carcinoma,21,71,3.380952381
clear cell sarcoma,10,70,7
nasal cavity cancer,5,70,14
stage small cell,10,69,6.9
bone mineral density,7,68,9.714285714
breast cancer engl,2,68,34
hereditary nonpolyposis colorectal,1,67,67
tumor suppressor gene,19,67,3.526315789
her2 positive breast,14,66,4.714285714
growth factor receptor,22,66,3
inflammatory breast cancer,3,65,21.66666667
human papillomavirus hpv,47,65,1.382978723
hodgkin lymphoma cancer,13,65,5
nonpolyposis colorectal cancer,1,64,64
pineal region tumor,10,62,6.2
blue ribbon panel,20,62,3.1
cancer datum initiative,24,61,2.541666667
growth hormone deficiency,2,61,30.5
middle income country,32,61,1.90625
breast cancer year,27,61,2.259259259
oral cavity cancer,10,60,6
superior vena cava,3,60,20
beam radiation therapy,29,60,2.068965517
woman ovarian cancer,24,59,2.458333333
man prostate cancer,29,59,2.034482759
high dose chemotherapy,17,59,3.470588235
braf v600e variant,5,59,11.8
papillary thyroid cancer,8,59,7.375
cell carcinoma skin,9,58,6.444444444
cancer genome atlas,37,58,1.567567568
epidermal growth factor,18,58,3.222222222
resonance imaging mri,42,58,1.380952381
cancer cell body,41,57,1.390243902
central nervous tumor,22,57,2.590909091
survivor adolescent young,2,57,28.5
cancer cell tumor,48,57,1.1875
myeloid leukemia aml,27,56,2.074074074
mantle cell lymphoma,16,56,3.5
lymph node distant,7,55,7.857142857
ductal carcinoma situ,14,54,3.857142857
pediatric myeloid leukemia,3,54,18
blood bone marrow,31,54,1.741935484
node distant metastasis,6,54,9
cancer survivor clin,3,54,18
anaplastic thyroid cancer,10,53,5.3
surgery remove tumor,37,53,1.432432432
gastrointestinal stromal tumor,18,53,2.944444444
child oncology cog,16,52,3.25
beckwith wiedemann syndrome,5,52,10.4
woman stage breast,26,52,2
chemotherapy stem cell,21,52,2.476190476
lung cancer small,14,52,3.714285714
cell bone marrow,26,52,2
cancer cell line,24,52,2.166666667
tumor regional lymph,6,52,8.666666667
advanced cancer location,16,51,3.1875
cancer location drug,16,51,3.1875
lynch syndrome cancer,6,51,8.5
atypical teratoid rhabdoid,10,51,5.1
location drug criterion,16,51,3.1875
growth cancer cell,46,50,1.086956522
test cancer cell,23,50,2.173913043
spine tumor cancer,44,50,1.136363636
prognosis chance recovery,25,50,2
follicular thyroid cancer,5,49,9.8
teratoid rhabdoid tumor,10,49,4.9
cell sarcoma kidney,5,49,9.8
breast cancer screening,20,49,2.45
carcinoma squamous cell,9,49,5.444444444
neuro oncology branch,27,48,1.777777778
hormone replacement therapy,17,48,2.823529412
inflammatory myofibroblastic tumor,9,48,5.333333333
prostate cancer man,17,47,2.764705882
attack cancer cell,37,47,1.27027027
protein cancer cell,40,47,1.175
cancer immunotherapy drug,31,47,1.516129032
kill cancer cell,38,47,1.236842105
thyroid cancer screening,5,47,9.4
cancer cell form,27,47,1.740740741
jude child hospital,20,46,2.3
papillary follicular thyroid,3,46,15.33333333
prostate cancer prevention,13,46,3.538461538
tumor great dimension,3,46,15.33333333
cancer prevention good,46,46,1
human tumor atlas,18,46,2.555555556
breast cancer surgery,17,46,2.705882353
pancreatic cancer cell,16,46,2.875
external beam radiation,24,46,1.916666667
cognitive behavioral therapy,15,46,3.066666667
factor prognosis chance,22,46,2.090909091
double blind placebo,16,46,2.875
radiation therapy high,20,46,2.3
cancer hormone therapy,22,46,2.090909091
cancer lymph node,17,46,2.705882353
annual plan budget,25,45,1.8
adolescent cancer survivor,19,45,2.368421053
plan budget proposal,25,45,1.8
cell carcinoma squamous,5,45,9
low- middle income,25,45,1.8
radiation therapy breast,18,45,2.5
malignant germ cell,2,45,22.5
total body irradiation,8,45,5.625
cancer cell therapy,32,45,1.40625
lip oral cavity,6,44,7.333333333
malignant pleural effusion,3,44,14.66666667
jude lifetime cohort,1,44,44
breast cancer clin,7,44,6.285714286
spindle cell rhabdomyosarcoma,2,44,22
pediatric high grade,4,44,11
cell precursor lymphoblastic,4,44,11
cell hodgkin lymphoma,22,44,2
ret pathogenic variant,3,44,14.66666667
chemotherapy breast cancer,18,43,2.388888889
description tumor regional,5,43,8.6
immune cell tumor,30,43,1.433333333
median age diagnosis,6,43,7.166666667
colorectal cancer screening,19,43,2.263157895
metastatic colorectal cancer,14,42,3
lymphoma option overview,6,42,7
cancer hodgkin lymphoma,19,42,2.210526316
genetic medicine cancer,42,42,1
drug cancer cell,35,42,1.2
prevention detection genetic,42,42,1
late cancer prevention,42,42,1
detection genetic medicine,42,42,1
blood stem cell,19,42,2.210526316
institution principal investigator,18,42,2.333333333
classical hodgkin lymphoma,6,42,7
chance recovery option,21,41,1.952380952
translational rare disease,41,41,1
appendiceal neuroendocrine tumor,5,41,8.2
extracranial germ cell,4,41,10.25
adult cancer survivor,7,41,5.857142857
pediatric adult rare,36,41,1.138888889
annual status cancer,21,41,1.952380952
lymph node dissection,14,41,2.928571429
