,4-gram,documents,total freq,avg
,cell tumor liver cancer,529,529,1
,cancer prevention prognosis screening,529,529,1
,fat cell tumor liver,529,529,1
,prevention prognosis screening detection,529,529,1
,prognosis screening detection cancer,529,529,1
,tumor liver cancer phillip,529,529,1
,cancer fat cell tumor,526,526,1
,small cell lung cancer,92,392,4.260869565
,adolescent young adult cancer,21,99,4.714285714
,rare brain spine tumor,46,97,2.108695652
,chronic graft host disease,11,82,7.454545455
,paranasal sinus nasal cavity,5,81,16.2
,triple negative breast cancer,25,76,3.04
,cancer staging manual springer,7,74,10.57142857
,hematopoietic stem cell transplant,8,74,9.25
,amin edge cancer staging,7,73,10.42857143
,edge cancer staging manual,7,73,10.42857143
,receptor positive breast cancer,12,72,6
,hematopoietic stem cell transplantation,12,72,6
,anaplastic large cell lymphoma,9,71,7.888888889
,stage small cell lung,10,69,6.9
,sinus nasal cavity cancer,5,68,13.6
,cancer small cell lung,14,68,4.857142857
,series picture area body,31,68,2.193548387
,her2 positive breast cancer,13,64,4.923076923
,hereditary nonpolyposis colorectal cancer,1,61,61
,magnetic resonance imaging mri,42,58,1.380952381
,survivor adolescent young adult,2,57,28.5
,surgery radiation therapy chemotherapy,22,57,2.590909091
,epidermal growth factor receptor,16,55,3.4375
,lymph node distant metastasis,6,54,9
,woman stage breast cancer,26,52,2
,advanced cancer location drug,16,51,3.1875
,cancer location drug criterion,16,51,3.1875
,brain spine tumor cancer,44,50,1.136363636
,lung cancer small cell,11,49,4.454545455
,squamous cell carcinoma skin,8,49,6.125
,atypical teratoid rhabdoid tumor,10,49,4.9
,regional lymph node metastasis,6,48,8
,hormone receptor positive breast,6,48,8
,factor prognosis chance recovery,22,46,2.090909091
,tumor regional lymph node,5,46,9.2
,annual plan budget proposal,25,45,1.8
,clear cell sarcoma kidney,5,45,9
,basal cell carcinoma squamous,5,44,8.8
,external beam radiation therapy,23,44,1.913043478
,regional lymph node distant,5,44,8.8
,low- middle income country,25,44,1.76
,description tumor regional lymph,5,43,8.6
,breast cancer prevention good,42,42,1
,detection genetic medicine cancer,42,42,1
,prevention detection genetic medicine,42,42,1
,cancer prevention detection genetic,42,42,1
,late cancer prevention detection,42,42,1
,prognosis chance recovery option,21,41,1.952380952
